sequence,ic50_data,numbering,ic50,ic50_log,ic50_ln,length,weight,hydrophobicity_index,charge,charge_density,aromaticity,fraction_arginine,fraction_lysine,lyticity_index,isoelectric_point
RRRYWYYR,yes,,398,2.599883072,5.986452005,-0.142857143,0.423094905,-0.80867747,0.707588533,0.958424348,0.333333333,1,-1,0.16184784,0.834134224
RRYWYWRR,yes,,282,2.450249108,5.641907071,-0.142857143,0.416724693,-1,1,1,1,1,0,0.544046629,1
RRWWRRYY,yes,,238,2.376576957,5.472270674,-0.142857143,0.416724693,-1,1,1,1,1,0,0.457607393,1
TRAFRCVS,yes,,220,2.342422681,5.393627546,-0.142857143,-0.056308788,0.116570831,0.011129848,0.696882189,-0.666666667,0,-1,-0.190805444,0.678114205
FFSTSCRSGC,yes,,187,2.271841607,5.231108617,0.142857143,0.139697297,0.16675379,-0.348735245,0.357368107,-0.466666667,-0.6,-1,-0.040241527,0.072007359
CVHWMTNTARTACIAP,yes,,176,2.245512668,5.170483995,1,1,0.187140617,-0.3153457,0.291394097,-0.833333333,-0.75,-1,0.948513614,0.074550416
CVRFRTNTARTVCIAP,yes,,166,2.220108088,5.111987788,1,1,0.043103448,0.546618647,0.424184848,-0.75,-0.25,0,1,0.685427982
TSRCIFYRRKKCS,yes,,153,2.184691431,5.030437921,0.571428571,0.839393028,-0.218786441,1,0.937147286,-0.58974359,-0.076923077,0.538461538,0.614058585,0.671344173
TSRCIFYRRCVCS,yes,,128,2.10720997,4.852030264,0.571428571,0.771070149,0.131046685,0.302529511,0.616074847,-0.58974359,-0.076923077,-1,1,0.375834009
FFRTSCRSVC,yes,,127,2.103803721,4.844187086,0.142857143,0.280196966,0.194981704,-0.011467116,0.560352693,-0.466666667,-0.2,-1,0.120735743,0.325574256
RADSRADC,yes,,123,2.089905111,4.812184355,-0.142857143,-0.114635509,-0.334291688,-0.66306914,0.125057043,-1,0,-1,-0.821544368,-0.492511874
TSRCFRVC,yes,,106,2.025305865,4.663439094,-0.142857143,-0.01578966,0.144014637,-0.011467116,0.660205704,-0.666666667,0,-1,-0.099713716,0.320367861
MRSRERSSWY,yes,,102,2.008600172,4.624972813,0.142857143,0.436676413,-0.713793103,0.200480192,0.377971241,-0.2,0.2,0,-0.14286889,0.774703943
FFRSCRVC,yes,,90,1.954242509,4.49980967,-0.142857143,0.042425866,0.281233664,-0.011467116,0.636933259,-0.333333333,0,-1,0.03832739,0.325574256
FRTSCSAC,yes,,78,1.892094603,4.356708827,-0.142857143,-0.138565132,0.194981704,-0.348735245,0.410531764,-0.666666667,-0.5,-1,-0.38831874,0.072007359
FRTCRSVC,yes,,73,1.86332286,4.290459441,-0.142857143,-0.01578966,0.144014637,-0.011467116,0.660205704,-0.666666667,0,-1,-0.256784584,0.325574256
TRCFRVCS,yes,,53,1.72427587,3.970291914,-0.142857143,-0.046281492,0.030172414,0.146458583,0.562048114,-0.5,0,0,-0.023399821,0.297007343
YRSRKYSSWY,yes,,40,1.602059991,3.688879454,0.142857143,0.520416879,-0.545216937,0.370320405,0.72146233,0.066666667,-0.2,0,-0.045174756,0.583969526
PGPA,yes,,20.09,1.302979937,3.000222179,-0.714285714,-0.812826319,-0.055933089,-0.640472175,0.143226628,-1,-1,-1,-0.934149213,-0.492269484
GPPGFPG,yes,,16.31,1.212453961,2.791778417,-0.285714286,-0.449795553,-0.0581734,-0.640472175,0.144669011,-0.619047619,-1,-1,-0.387185883,-0.606874328
DLGF,yes,,13.16,1.119255889,2.577181926,-0.714285714,-0.673691313,0.296915839,-0.977740304,-0.451229117,-0.333333333,-1,-1,-0.838983666,-1
ILFTLL,yes,,12.87,1.109578547,2.554899022,-0.428571429,-0.361597438,1,-0.599839936,-0.231296643,-0.333333333,-1,0,0.338777162,-0.662106291
TIPPPT,yes,,12.14,1.084218687,2.496505786,-0.428571429,-0.453533214,-0.003659174,-0.640472175,0.14466092,-1,-1,-1,-0.5375489,-0.697497749
FTGM,yes,,12.05,1.080987047,2.48906466,-0.714285714,-0.668564981,0.367485625,-0.640472175,0.144018129,-0.333333333,-1,-1,-0.74898015,-0.606874328
GPAGPPGFPG,yes,,12.01,1.079543007,2.485739636,0.142857143,-0.165196284,-0.021432305,-0.640472175,0.145120261,-0.733333333,-1,-1,-0.063668782,-0.606874328
GPAGF,yes,,10.19,1.008174184,2.321406847,-0.571428571,-0.677488362,0.223209618,-0.640472175,0.143980889,-0.466666667,-1,-1,-0.626955294,-0.606874328
CA,yes,,9.6,0.982271233,2.261763098,-1,-1,0.75953999,-0.663406408,0.045949844,-1,-1,-1,-1,-0.6087074
IIPFIF,yes,,8.22,0.914871818,2.106570209,-0.428571429,-0.296559027,1,-0.640472175,0.144945703,-0.111111111,-1,-1,0.205727902,-0.606874328
FSGLD,yes,,8.07,0.906873535,2.088153482,-0.571428571,-0.588319493,0.096551724,-1,-1,-0.2,-1,0,-0.487999646,-1
PAMPVPGPM,yes,,7.62,0.881954971,2.03077637,0,-0.110603434,0.189754313,-0.640472175,0.145180891,-1,-1,-1,0.165782146,-0.492269484
CW,yes,,5.4,0.73239376,1.686398954,-1,-0.854518046,0.336121275,-0.663406408,0.083568254,0.333333333,-1,-1,-1,-0.6087074
CS,yes,,4.5,0.653212514,1.504077397,-1,-1,0.25862069,-0.62705082,-0.371731552,-1,-1,0,-1,-0.664002369
CY,yes,,3.1,0.491361694,1.131402111,-1,-0.883628336,0.273392577,-0.663406408,0.078479112,0.333333333,-1,-1,-1,-0.608889192
NYRRE,yes,,2.86,0.456366033,1.050821625,-0.571428571,-0.311940551,-1,-0.303204047,0.508856986,-0.466666667,0.6,-1,-0.914248882,0.251585026
IRW,yes,,2.83,0.451786436,1.040276712,-0.857142857,-0.668303891,-0.137931034,-0.199679872,0.639193825,0.333333333,0.333333333,0,-1,0.502699301
RGFTGM,yes,,2.41,0.382017043,0.879626748,-0.428571429,-0.399131164,0.017250392,-0.303204047,0.546313505,-0.555555556,-0.333333333,-1,-0.637742546,0.519224654
CE,yes,,2,0.301029996,0.693147181,-1,-0.926667037,-0.071615264,-1,-1,-1,-1,-1,-1,-0.853717862
VKAGFAWTANQQLS,yes,,1.8,0.255272505,0.587786665,0.714285714,0.678551031,0.062803375,-0.303204047,0.322002419,-0.619047619,-1,-0.285714286,0.967554536,0.244694715
RHAKF,yes,,1.75,0.243038049,0.559615788,-0.571428571,-0.411777044,-0.353894407,0.067116358,1,-0.466666667,-0.2,1,-0.670215912,0.852605757
PFRMY,yes,,0.61,-0.214670165,-0.494296322,-0.571428571,-0.342157735,-0.084161004,-0.303541315,0.520640874,0.066666667,-0.2,-1,-0.489595018,0.366538102
VWWW,yes,,0.25,-0.602059991,-1.386294361,-0.714285714,-0.389009911,0.202822791,-0.640472175,0.144790652,1,-1,-1,-0.743901827,-0.614873186
